{
  "best_val_f1": 0.7469,
  "learning_rate": 4.8030133858163695e-05,
  "weight_decay": 2.3360213139915578e-05,
  "warmup_ratio": 0.10463821699577333,
  "dropout": 0.31101859897600825,
  "epochs": 8
}