{
  "best_val_f1": 0.7337,
  "learning_rate": 4.404220810269438e-05,
  "weight_decay": 0.0002501181112418235,
  "warmup_ratio": 0.2968821991330362,
  "dropout": 0.08416125758393399,
  "epochs": 8
}