{
  "best_val_f1": 0.7479,
  "learning_rate": 7.928758212088177e-05,
  "weight_decay": 0.00029499719873019855,
  "warmup_ratio": 0.14522901132382177,
  "dropout": 0.327789944814619,
  "epochs": 6
}