{
  "best_val_f1": 0.7636,
  "learning_rate": 5.371004924854035e-05,
  "weight_decay": 1.6536937182824424e-05,
  "warmup_ratio": 0.08418523990223437,
  "dropout": 0.28948155927925495,
  "epochs": 5
}